{
  "network": "zoo_Arpanet196912",
  "alg": "rmpls",
  "avg_util": 0.5773856044440964,
  "max_util": 1.000000000001,
  "packets_created": 79,
  "packets_delivered": 79,
  "packets_dropped_queue_overflow": 79,
  "packets_dropped_blackhole": 0,
  "packets_accounted_for": 158,
  "connectivity": 0.5,
  "util_vectors": {
    "('a0_SRI', 'a1_USCB')": {
      "0.1": 0.4372,
      "0.2": 0.4299,
      "0.3": 0.4277,
      "0.4": 0.4268,
      "0.5": 0.426,
      "0.6": 0.4255,
      "0.7": 0.4253,
      "0.8": 0.425,
      "0.9": 0.4249,
      "1.0": 0.4247,
      "1.1": 0.4246,
      "1.2": 0.4244,
      "1.3": 0.4244,
      "1.4": 0.4244,
      "1.5": 0.4243,
      "1.6": 0.4241,
      "1.7": 0.4241,
      "1.8": 0.4241,
      "1.9": 0.424,
      "2.0": 0.424,
      "2.1": 0.424,
      "2.2": 0.424,
      "2.3": 0.4239,
      "2.4": 0.4239,
      "2.5": 0.4239,
      "2.6": 0.4239,
      "2.7": 0.4238,
      "2.8": 0.4238,
      "2.9": 0.4238,
      "3.0": 0.4238,
      "3.1": 0.4238,
      "3.2": 0.4238,
      "3.3": 0.4237,
      "3.4": 0.4237,
      "3.5": 0.4237,
      "3.6": 0.4237,
      "3.7": 0.4237,
      "3.8": 0.4237,
      "3.9": 0.4237,
      "4.0": 0.4237,
      "4.1": 0.4237,
      "4.2": 0.4237,
      "4.3": 0.4237,
      "4.4": 0.4236,
      "4.5": 0.4236,
      "4.6": 0.4236,
      "4.7": 0.4236,
      "4.8": 0.4236,
      "4.9": 0.4236,
      "5.0": 0.4236,
      "5.1": 0.4233,
      "5.2": 0.4233,
      "5.3": 0.4233,
      "5.4": 0.4233,
      "5.5": 0.4233,
      "5.6": 0.4233,
      "5.7": 0.4233,
      "5.8": 0.4233,
      "5.9": 0.4233,
      "6.0": 0.4233,
      "6.1": 0.4233,
      "6.2": 0.4233,
      "6.3": 0.4233,
      "6.4": 0.4233,
      "6.5": 0.4233,
      "6.6": 0.4233,
      "6.7": 0.4233,
      "6.8": 0.4233,
      "6.9": 0.4233,
      "7.0": 0.4233,
      "7.1": 0.4233,
      "7.2": 0.4233,
      "7.3": 0.4233,
      "7.4": 0.4233,
      "7.5": 0.4233,
      "7.6": 0.4233,
      "7.7": 0.4233,
      "7.8": 0.4233,
      "7.9": 0.4233
    },
    "('a1_USCB', 'a0_SRI')": {
      "0.1": 0.5407,
      "0.2": 0.5334,
      "0.3": 0.531,
      "0.4": 0.5298,
      "0.5": 0.5291,
      "0.6": 0.5285,
      "0.7": 0.5282,
      "0.8": 0.5279,
      "0.9": 0.5277,
      "1.0": 0.5276,
      "1.1": 0.5274,
      "1.2": 0.5273,
      "1.3": 0.5272,
      "1.4": 0.5271,
      "1.5": 0.527,
      "1.6": 0.527,
      "1.7": 0.5269,
      "1.8": 0.5269,
      "1.9": 0.5268,
      "2.0": 0.5268,
      "2.1": 0.5267,
      "2.2": 0.5267,
      "2.3": 0.5267,
      "2.4": 0.5266,
      "2.5": 0.5266,
      "2.6": 0.5266,
      "2.7": 0.5266,
      "2.8": 0.5266,
      "2.9": 0.5265,
      "3.0": 0.5265,
      "3.1": 0.5265,
      "3.2": 0.5265,
      "3.3": 0.5265,
      "3.4": 0.5265,
      "3.5": 0.5265,
      "3.6": 0.5264,
      "3.7": 0.5264,
      "3.8": 0.5264,
      "3.9": 0.5264,
      "4.0": 0.5264,
      "4.1": 0.5264,
      "4.2": 0.5264,
      "4.3": 0.5264,
      "4.4": 0.5264,
      "4.5": 0.5263,
      "4.6": 0.5263,
      "4.7": 0.5263,
      "4.8": 0.5263,
      "4.9": 0.5263,
      "5.0": 0.5263,
      "5.1": 0.526,
      "5.2": 0.526,
      "5.3": 0.526,
      "5.4": 0.526,
      "5.5": 0.526,
      "5.6": 0.526,
      "5.7": 0.526,
      "5.8": 0.526,
      "5.9": 0.526,
      "6.0": 0.526,
      "6.1": 0.526,
      "6.2": 0.526,
      "6.3": 0.526,
      "6.4": 0.526,
      "6.5": 0.526,
      "6.6": 0.526,
      "6.7": 0.526,
      "6.8": 0.526,
      "6.9": 0.526,
      "7.0": 0.526,
      "7.1": 0.526,
      "7.2": 0.526,
      "7.3": 0.526,
      "7.4": 0.526,
      "7.5": 0.526,
      "7.6": 0.526,
      "7.7": 0.526,
      "7.8": 0.526,
      "7.9": 0.526
    },
    "('a0_SRI', 'a2_UCLA')": {
      "0.1": 0.3801,
      "0.2": 0.3739,
      "0.3": 0.372,
      "0.4": 0.3713,
      "0.5": 0.3706,
      "0.6": 0.3703,
      "0.7": 0.3702,
      "0.8": 0.37,
      "0.9": 0.3697,
      "1.0": 0.3696,
      "1.1": 0.3696,
      "1.2": 0.3695,
      "1.3": 0.3693,
      "1.4": 0.3693,
      "1.5": 0.3693,
      "1.6": 0.3692,
      "1.7": 0.3691,
      "1.8": 0.3691,
      "1.9": 0.3691,
      "2.0": 0.369,
      "2.1": 0.369,
      "2.2": 0.369,
      "2.3": 0.369,
      "2.4": 0.369,
      "2.5": 0.3689,
      "2.6": 0.3689,
      "2.7": 0.3689,
      "2.8": 0.3689,
      "2.9": 0.3689,
      "3.0": 0.3689,
      "3.1": 0.3689,
      "3.2": 0.3688,
      "3.3": 0.3688,
      "3.4": 0.3688,
      "3.5": 0.3688,
      "3.6": 0.3688,
      "3.7": 0.3688,
      "3.8": 0.3688,
      "3.9": 0.3688,
      "4.0": 0.3688,
      "4.1": 0.3688,
      "4.2": 0.3687,
      "4.3": 0.3687,
      "4.4": 0.3688,
      "4.5": 0.3688,
      "4.6": 0.3687,
      "4.7": 0.3687,
      "4.8": 0.3687,
      "4.9": 0.3687,
      "5.0": 0.3687,
      "5.1": 0.3685,
      "5.2": 0.3685,
      "5.3": 0.3685,
      "5.4": 0.3685,
      "5.5": 0.3685,
      "5.6": 0.3685,
      "5.7": 0.3685,
      "5.8": 0.3685,
      "5.9": 0.3685,
      "6.0": 0.3685,
      "6.1": 0.3685,
      "6.2": 0.3685,
      "6.3": 0.3685,
      "6.4": 0.3685,
      "6.5": 0.3685,
      "6.6": 0.3685,
      "6.7": 0.3685,
      "6.8": 0.3685,
      "6.9": 0.3685,
      "7.0": 0.3685,
      "7.1": 0.3685,
      "7.2": 0.3685,
      "7.3": 0.3685,
      "7.4": 0.3685,
      "7.5": 0.3685,
      "7.6": 0.3685,
      "7.7": 0.3685,
      "7.8": 0.3685,
      "7.9": 0.3685
    },
    "('a2_UCLA', 'a0_SRI')": {
      "0.1": 0.9989,
      "0.2": 0.9995,
      "0.3": 0.9996,
      "0.4": 0.9997,
      "0.5": 0.9998,
      "0.6": 0.9998,
      "0.7": 0.9998,
      "0.8": 0.9999,
      "0.9": 0.9999,
      "1.0": 0.9999,
      "1.1": 0.9999,
      "1.2": 0.9999,
      "1.3": 0.9999,
      "1.4": 0.9999,
      "1.5": 0.9999,
      "1.6": 0.9999,
      "1.7": 0.9999,
      "1.8": 0.9999,
      "1.9": 0.9999,
      "2.0": 0.9999,
      "2.1": 0.9999,
      "2.2": 1.0,
      "2.3": 1.0,
      "2.4": 1.0,
      "2.5": 1.0,
      "2.6": 1.0,
      "2.7": 1.0,
      "2.8": 1.0,
      "2.9": 1.0,
      "3.0": 1.0,
      "3.1": 1.0,
      "3.2": 1.0,
      "3.3": 1.0,
      "3.4": 1.0,
      "3.5": 1.0,
      "3.6": 1.0,
      "3.7": 1.0,
      "3.8": 1.0,
      "3.9": 1.0,
      "4.0": 1.0,
      "4.1": 1.0,
      "4.2": 1.0,
      "4.3": 1.0,
      "4.4": 1.0,
      "4.5": 1.0,
      "4.6": 1.0,
      "4.7": 1.0,
      "4.8": 1.0,
      "4.9": 1.0,
      "5.0": 1.0,
      "5.1": 1.0,
      "5.2": 1.0,
      "5.3": 1.0,
      "5.4": 1.0,
      "5.5": 1.0,
      "5.6": 1.0,
      "5.7": 1.0,
      "5.8": 1.0,
      "5.9": 1.0,
      "6.0": 1.0,
      "6.1": 1.0,
      "6.2": 1.0,
      "6.3": 1.0,
      "6.4": 1.0,
      "6.5": 1.0,
      "6.6": 1.0,
      "6.7": 1.0,
      "6.8": 1.0,
      "6.9": 1.0,
      "7.0": 1.0,
      "7.1": 1.0,
      "7.2": 1.0,
      "7.3": 1.0,
      "7.4": 1.0,
      "7.5": 1.0,
      "7.6": 1.0,
      "7.7": 1.0,
      "7.8": 1.0,
      "7.9": 1.0
    },
    "('a0_SRI', 'a3_UTAH')": {
      "0.1": 0.6574,
      "0.2": 0.6495,
      "0.3": 0.6459,
      "0.4": 0.644,
      "0.5": 0.6428,
      "0.6": 0.6423,
      "0.7": 0.6422,
      "0.8": 0.6417,
      "0.9": 0.6413,
      "1.0": 0.6409,
      "1.1": 0.6407,
      "1.2": 0.6408,
      "1.3": 0.6406,
      "1.4": 0.6405,
      "1.5": 0.6403,
      "1.6": 0.6403,
      "1.7": 0.6403,
      "1.8": 0.6403,
      "1.9": 0.6402,
      "2.0": 0.64,
      "2.1": 0.6401,
      "2.2": 0.64,
      "2.3": 0.64,
      "2.4": 0.64,
      "2.5": 0.6399,
      "2.6": 0.6399,
      "2.7": 0.6399,
      "2.8": 0.6398,
      "2.9": 0.6398,
      "3.0": 0.6398,
      "3.1": 0.6398,
      "3.2": 0.6398,
      "3.3": 0.6397,
      "3.4": 0.6398,
      "3.5": 0.6397,
      "3.6": 0.6397,
      "3.7": 0.6397,
      "3.8": 0.6396,
      "3.9": 0.6396,
      "4.0": 0.6396,
      "4.1": 0.6397,
      "4.2": 0.6396,
      "4.3": 0.6396,
      "4.4": 0.6396,
      "4.5": 0.6396,
      "4.6": 0.6396,
      "4.7": 0.6396,
      "4.8": 0.6395,
      "4.9": 0.6395,
      "5.0": 0.6395,
      "5.1": 0.6392,
      "5.2": 0.6391,